<?xml version="1.0" encoding="UTF-8"?>
<con:soapui-project id="32e2ad30-29f3-4070-8340-31bbf55d82b9" created="2.8.0" activeEnvironment="Default environment" name="Project 5" resourceRoot="${projectDir}" updated="3.1.0 2020-02-04T16:09:20Z" encryptionMode="Not encrypted" xmlns:con="http://eviware.com/soapui/config"><con:settings/><con:interface xsi:type="con:RestService" id="6858ff51-b4f9-42f5-8c3b-93d4bbee1a44" wadlVersion="http://wadl.dev.java.net/2009/02" name="REST Service 1" type="rest" xmlns:xsi="http://www.w3.org/2001/XMLSchema-instance"><con:settings><con:setting id="6858ff51-b4f9-42f5-8c3b-93d4bbee1a44fileName">REST-Service-1</con:setting></con:settings><con:definitionCache/><con:endpoints/><con:resource name="Hello" path="/api/v1/version" id="5ec62099-b1c9-4271-bb3c-f435a14c9f4b"><con:settings><con:setting id="5ec62099-b1c9-4271-bb3c-f435a14c9f4bfileName">Hello</con:setting></con:settings><con:parameters/><con:method name="Hello" id="8c6fe903-713b-45eb-a563-b580e3120fb1" method="GET"><con:settings/><con:parameters/><con:representation type="FAULT"><con:mediaType>text/html;charset=iso-8859-1</con:mediaType><con:status>404</con:status><con:params/><con:element>html</con:element></con:representation><con:representation type="RESPONSE"><con:mediaType>application/json</con:mediaType><con:status>200</con:status><con:params/><con:element xmlns:ver="http://localhost/api/v1/version">ver:Response</con:element></con:representation><con:request name="Request 1" id="8bb58e16-5801-4f2c-91f8-fdbf1f3d06e2" mediaType="application/json"><con:settings><con:setting id="com.eviware.soapui.impl.wsdl.WsdlRequest@request-headers">&lt;xml-fragment/></con:setting></con:settings><con:endpoint>http://localhost:8080</con:endpoint><con:request/><con:originalUri>http://localhost/api/v1/version</con:originalUri><con:credentials><con:selectedAuthProfile>No Authorization</con:selectedAuthProfile><con:authType>No Authorization</con:authType></con:credentials><con:jmsConfig JMSDeliveryMode="PERSISTENT"/><con:parameters/></con:request></con:method></con:resource></con:interface><con:testSuite id="6724b329-63c0-49a4-b4ae-f274ab32e1c4" name="TestSuite 1"><con:settings><con:setting id="6724b329-63c0-49a4-b4ae-f274ab32e1c4fileName">TestSuite-1</con:setting></con:settings><con:runType>SEQUENTIAL</con:runType><con:testCase id="d390b798-abc1-431e-9d74-b81646e16887" discardOkResults="true" failOnError="true" failTestCaseOnErrors="true" keepSession="false" name="TestCase 1" searchProperties="true" timeout="0"><con:settings><con:setting id="d390b798-abc1-431e-9d74-b81646e16887fileName">TestCase-1</con:setting></con:settings><con:testStep type="restrequest" name="REST Request" id="9feb81a7-3290-4ab8-afd9-9f47ffde12e5"><con:settings/><con:config service="REST Service 1" resourcePath="/api/v1/version" methodName="Hello" xsi:type="con:RestRequestStep" xmlns:xsi="http://www.w3.org/2001/XMLSchema-instance"><con:restRequest name="REST Request" id="8bb58e16-5801-4f2c-91f8-fdbf1f3d06e2" mediaType="application/json"><con:settings><con:setting id="com.eviware.soapui.impl.wsdl.WsdlRequest@request-headers">&lt;xml-fragment/></con:setting></con:settings><con:endpoint>http://localhost:8080</con:endpoint><con:request/><con:originalUri>http://localhost/version</con:originalUri><con:assertion type="Valid HTTP Status Codes" id="1219a4f1-bb19-433b-9dc6-ab9aa064ca2a" name="Valid HTTP Status Codes"><con:settings/><con:configuration><codes>200</codes></con:configuration></con:assertion><con:assertion type="Response SLA Assertion" id="f2afb90f-27da-46a0-85b8-0cc59511e27c" name="Response SLA"><con:configuration><SLA>200</SLA></con:configuration></con:assertion><con:credentials><con:selectedAuthProfile>No Authorization</con:selectedAuthProfile><con:authType>No Authorization</con:authType></con:credentials><con:jmsConfig JMSDeliveryMode="PERSISTENT"/><con:parameters/></con:restRequest></con:config></con:testStep><con:properties/><con:reportParameters/></con:testCase><con:properties/><con:reportParameters/></con:testSuite><con:restMockService id="5fced869-2af9-4a99-aaa2-5d0c6b6a467d" port="8088" path="/" host="localhost" name="REST Virtual Service 1" routeModeEnabled="true" routeEndpoint="http://testhub-scanner-dev.smartbear.io/"><con:settings><con:setting id="5fced869-2af9-4a99-aaa2-5d0c6b6a467dfileName">REST-Virtual-Service-1</con:setting></con:settings><con:properties/><con:constraints><con:congestion>0</con:congestion><con:inputBandwidth>-1</con:inputBandwidth><con:outputBandwidth>-1</con:outputBandwidth><con:maxThreadPoolCapacity>20</con:maxThreadPoolCapacity><con:coreThreadPoolCapacity>5</con:coreThreadPoolCapacity><con:virtError><con:start>0</con:start><con:endless>true</con:endless></con:virtError></con:constraints><con:headerValidator type="NONE"/><con:restMockAction name="/api/v1/scans" method="GET" resourcePath="/api/v1/scans" id="d872d1ad-9a50-4f69-941f-d1ee5f7dede6"><con:settings><con:setting id="d872d1ad-9a50-4f69-941f-d1ee5f7dede6fileName">%2Fapi%2Fv1%2Fscans</con:setting></con:settings><con:dispatchStyle>PARAMETER</con:dispatchStyle><con:dispatchConfig/><con:dispatchXPath/><con:parameterDispatcherRuleContainer><con:ParameterDispatcherRule><con:ruleName>size=10&amp;sort=lastRun.startTime,desc&amp;page=0</con:ruleName><con:parameterDispatcherCondition><con:parameterType>QUERY</con:parameterType><con:parameterOperationType>EQUALS</con:parameterOperationType><con:parameterName>size</con:parameterName><con:parameterValue>10</con:parameterValue></con:parameterDispatcherCondition><con:parameterDispatcherCondition><con:parameterType>QUERY</con:parameterType><con:parameterOperationType>EQUALS</con:parameterOperationType><con:parameterName>sort</con:parameterName><con:parameterValue>lastRun.startTime,desc</con:parameterValue></con:parameterDispatcherCondition><con:parameterDispatcherCondition><con:parameterType>QUERY</con:parameterType><con:parameterOperationType>EQUALS</con:parameterOperationType><con:parameterName>page</con:parameterName><con:parameterValue>0</con:parameterValue></con:parameterDispatcherCondition><con:responseName>For size=10&amp;sort=lastRun.startTime,desc&amp;page=0</con:responseName></con:ParameterDispatcherRule></con:parameterDispatcherRuleContainer><con:routeEnabled>true</con:routeEnabled><con:routeScript/><con:saveRoutedResponse>true</con:saveRoutedResponse><con:response name="Response 1" id="1e7784ec-4c2f-4760-8338-f346515bdb60" httpResponseStatus="401" mediaType="application/json" compressedBodyContent="aced00057372002f636f6d2e657669776172652e736f617075692e696d706c2e737570706f72742e436f6d7072657373656456616c7565000b8b02c748eeab0200025a000a636f6d707265737365645b0004646174617400025b4278700070" dataSource=""><con:settings/><con:responseContent>{"timestamp":"2020-02-11T13:46:21.539+0000","status":401,"error":"Unauthorized","message":"AUTH_HEADER_MISSING","path":"/api/v1/scans"}</con:responseContent><con:header><con:name>Connection</con:name><con:value>close</con:value></con:header><con:header><con:name>Date</con:name><con:value>Tue, 11 Feb 2020 13:46:21 GMT</con:value></con:header></con:response><con:response name="For size=10&amp;sort=lastRun.startTime,desc&amp;page=0" id="32258755-cd91-47e2-a707-1cb2b761ce32" httpResponseStatus="200" mediaType="application/json" compressedBodyContent="aced00057372002f636f6d2e657669776172652e736f617075692e696d706c2e737570706f72742e436f6d7072657373656456616c7565000b8b02c748eeab0200025a000a636f6d707265737365645b0004646174617400025b4278700070" dataSource=""><con:settings/><con:responseContent>{"content":[{"id":"5816cad4-5bb4-47f8-a7be-238eef96f438","url":"vvvvv","name":"vvvv","owner":"sofiia","tags":[],"lastRun":{"id":"74d7c05b-63cd-45ad-8b09-c425d3414714","startTime":"2020-02-11T10:33:10.287Z","endTime":"2020-02-11T10:33:10.31Z","status":"failed","reason":"Exception caught during execution of fetch command","totalCreated":0,"totalUpdated":0,"totalExists":0}},{"id":"5ef6e02f-4389-4522-a8f7-b6615a6068d6","url":"scan2","name":"scan2","owner":"SmartbearTesthub","lastRun":{"id":"f72c63f3-aad9-426d-b302-749188989ac1","startTime":"2020-02-04T16:32:29.571Z","endTime":"2020-02-04T16:32:32.817Z","status":"failed","reason":"Exception caught during execution of fetch command","totalCreated":0,"totalUpdated":0,"totalExists":0}},{"id":"7d776571-dccf-41ce-bdb8-e9a3071560fd","url":"https://github.com/sverdlovka/react-tags","name":"no assets","owner":"sofiia","lastRun":{"id":"4dd597aa-a962-4c38-860d-9e71bf4cbc9b","startTime":"2020-01-28T14:44:50.023Z","endTime":"2020-01-28T14:44:50.363Z","status":"finished","totalCreated":0,"totalUpdated":0,"totalExists":0}},{"id":"4003d3fb-0996-4c25-8ec7-3225d0643d5d","url":"jjjjjjj","name":"jjjj","owner":"sofiia","lastRun":{"id":"57087739-4a3c-4e14-b8e0-b7a6b3c46e74","startTime":"2020-01-24T13:07:37.648Z","endTime":"2020-01-24T13:07:40.895Z","status":"failed","reason":"Exception caught during execution of fetch command","totalCreated":0,"totalUpdated":0,"totalExists":0}}],"pageable":{"sort":{"sorted":true,"unsorted":false,"empty":false},"offset":0,"pageNumber":0,"pageSize":10,"unpaged":false,"paged":true},"totalPages":1,"totalElements":4,"last":true,"number":0,"sort":{"sorted":true,"unsorted":false,"empty":false},"size":10,"numberOfElements":4,"first":true,"empty":false}</con:responseContent><con:header><con:name>Connection</con:name><con:value>close</con:value></con:header><con:header><con:name>Date</con:name><con:value>Tue, 11 Feb 2020 13:46:43 GMT</con:value></con:header></con:response></con:restMockAction></con:restMockService><con:properties/><con:wssContainer/><con:databaseConnectionContainer/><con:jmsConnectionContainer/><con:oAuth2ProfileContainer/><con:oAuth1ProfileContainer/><con:reporting><con:xmlTemplates/><con:parameters/></con:reporting><con:eventHandlers type="RequestFilter.filterRequest" name="RequestFilter.filterRequest"><con:script>// Sample event script to add custom HTTP header to all outgoing REST, SOAP and HTTP(S) calls
// This code is often used for adding custom authentication to SoapUI Pro tests

// If hardcoding the token, uncomment and change line 5
// def token = '4567'

// If your token is parameterized in Project level custom property, uncomment line 8
// def token = request.parent.testCase.testSuite.project.getProperty('auth_token').getValue()

// To modify all outgoing calls, remove comments from lines 11 to 16
// def headers = request.requestHeaders
// if (headers.containsKey('auth_token2') == false) {
//   headers.put('auth_token2', token)
//   request.requestHeaders = headers
// }</con:script></con:eventHandlers><con:eventHandlers type="TestRunListener.afterStep" name="TestRunListener.afterStep"><con:script>// Save all test step results into files
// Change the directory path in line 5 to a location where you want to store details
// then uncomment lines 5 to 10

// filePath = 'C:\\tempOutputDirectory\\'
// fos = new FileOutputStream(filePath + testStepResult.testStep.label + '.txt', true)
// pw = new PrintWriter(fos)
// testStepResult.writeTo(pw)
// pw.close()
// fos.close()</con:script></con:eventHandlers><con:authRepository/><con:tags/></con:soapui-project>