<?xml version="1.0" encoding="UTF-8"?>
<con:soapui-project id="8e645835-7205-4a25-976a-e72197347a3f" created="2.8.0" activeEnvironment="Default environment" name="CompositeProj2" resourceRoot="${projectDir}" updated="2.8.0 2019-07-23T17:43:45Z" encryptionMode="Not encrypted" xmlns:con="http://eviware.com/soapui/config"><con:settings/><con:interface xsi:type="con:RestService" id="86cb3288-7a0b-4d12-9980-a96f25909667" wadlVersion="http://wadl.dev.java.net/2009/02" name="http://localhost:1234" type="rest" xmlns:xsi="http://www.w3.org/2001/XMLSchema-instance"><con:settings><con:setting id="863793de-4c19-4094-9f04-883b2e47de65fileName">http%3A%2F%2Flocalhost%3A1234</con:setting><con:setting id="86cb3288-7a0b-4d12-9980-a96f25909667fileName">http%3A%2F%2Flocalhost%3A1234</con:setting></con:settings><con:definitionCache type="TEXT" rootPart=""/><con:endpoints><con:endpoint>http://localhost:1234</con:endpoint></con:endpoints><con:resource name="" path="" id="a47c06d1-23d1-4bb4-b541-942d68350fed"><con:settings><con:setting id="97c08efb-22f9-43d3-b0d6-35f0737f38dbfileName"/><con:setting id="a47c06d1-23d1-4bb4-b541-942d68350fedfileName"/></con:settings><con:parameters/><con:method name="" id="3b6385bb-c505-40cf-9c95-50d3ad995ca1" method="GET"><con:settings/><con:parameters/><con:representation type="RESPONSE"><con:mediaType xsi:nil="true"/><con:status>0</con:status><con:params/><con:element>data</con:element></con:representation><con:request name="Request 1" id="92a923ce-0c58-48bf-9ea6-f5ebb1bce47b" mediaType="application/json"><con:settings/><con:endpoint>http://localhost:1234</con:endpoint><con:credentials><con:selectedAuthProfile>No Authorization</con:selectedAuthProfile><con:authType>No Authorization</con:authType></con:credentials><con:parameters/></con:request></con:method></con:resource></con:interface><con:testSuite id="89fd8422-c37c-4852-9e7e-af001629a48c" name="TestSuite1"><con:settings><con:setting id="13797d2d-05a5-41db-a6b3-3b3bd9d86982fileName">http%3A%2F%2Flocalhost%3A1234-TestSuite1</con:setting><con:setting id="89fd8422-c37c-4852-9e7e-af001629a48cfileName">TestSuite1</con:setting></con:settings><con:runType>SEQUENTIAL</con:runType><con:testCase id="d7462401-69e8-40af-88b7-2bebd5aae1af" discardOkResults="true" failOnError="true" failTestCaseOnErrors="true" keepSession="false" name="http://localhost:1234 TestCase 1" searchProperties="true" timeout="0"><con:settings><con:setting id="c6f764df-8037-4226-9bb3-fc71f880c245fileName">http%3A%2F%2Flocalhost%3A1234-TestCase-1</con:setting><con:setting id="d7462401-69e8-40af-88b7-2bebd5aae1affileName">http%3A%2F%2Flocalhost%3A1234-TestCase-1</con:setting></con:settings><con:testStep type="restrequest" name="Request 1" id="83478b9c-ae72-46ff-ad25-aefa4c01934b"><con:settings/><con:config service="http://localhost:1234" resourcePath="" methodName="" xsi:type="con:RestRequestStep" xmlns:xsi="http://www.w3.org/2001/XMLSchema-instance"><con:restRequest name="Request 1" id="8b5061d1-caa1-47b3-9665-9d0b908e24fe" mediaType="application/json"><con:settings><con:setting id="com.eviware.soapui.impl.wsdl.WsdlRequest@request-headers">&lt;xml-fragment/></con:setting></con:settings><con:endpoint>http://localhost:1234</con:endpoint><con:request/><con:originalUri>http://localhost/</con:originalUri><con:assertion type="Valid HTTP Status Codes" id="7ad86c41-5ed3-4c11-9822-c3ac8863b87b" name="Valid HTTP Status Codes"><con:settings/><con:configuration><codes>200</codes></con:configuration></con:assertion><con:assertion type="Response SLA Assertion" id="28504a77-0d7e-4467-ad8d-b54eed908c83" name="Response SLA"><con:configuration><SLA>200</SLA></con:configuration></con:assertion><con:credentials><con:selectedAuthProfile>No Authorization</con:selectedAuthProfile><con:authType>No Authorization</con:authType></con:credentials><con:jmsConfig JMSDeliveryMode="PERSISTENT"/><con:parameters/></con:restRequest></con:config></con:testStep><con:properties/><con:reportParameters/></con:testCase><con:properties/><con:reportParameters/></con:testSuite><con:testSuite id="3841459c-a3e3-4cf6-88df-8cc6d794fc60" name="TestSuite2"><con:settings><con:setting id="e439f8f9-4378-419d-822b-965e931b8e88fileName">http%3A%2F%2Flocalhost%3A1234-TestSuite2</con:setting><con:setting id="3841459c-a3e3-4cf6-88df-8cc6d794fc60fileName">TestSuite2</con:setting></con:settings><con:runType>SEQUENTIAL</con:runType><con:testCase id="c22d101e-4d1c-4d27-a5de-104de76f5da1" discardOkResults="true" failOnError="true" failTestCaseOnErrors="true" keepSession="false" name="http://localhost:1234 TestCase 1" searchProperties="true" timeout="0"><con:settings><con:setting id="825325af-3664-4794-a9a1-a488021aff9dfileName">http%3A%2F%2Flocalhost%3A1234-TestCase-1</con:setting><con:setting id="c22d101e-4d1c-4d27-a5de-104de76f5da1fileName">http%3A%2F%2Flocalhost%3A1234-TestCase-1</con:setting></con:settings><con:testStep type="restrequest" name="Request 1" id="0af66a98-a814-4ae7-a44d-5f7a92f46d90"><con:settings/><con:config service="http://localhost:1234" resourcePath="" methodName="" xsi:type="con:RestRequestStep" xmlns:xsi="http://www.w3.org/2001/XMLSchema-instance"><con:restRequest name="Request 1" id="8b5061d1-caa1-47b3-9665-9d0b908e24fe" mediaType="application/json"><con:settings><con:setting id="com.eviware.soapui.impl.wsdl.WsdlRequest@request-headers">&lt;xml-fragment/></con:setting></con:settings><con:endpoint>http://localhost:1234</con:endpoint><con:request/><con:originalUri>http://localhost/</con:originalUri><con:assertion type="Valid HTTP Status Codes" id="7ad86c41-5ed3-4c11-9822-c3ac8863b87b" name="Valid HTTP Status Codes"><con:settings/><con:configuration><codes>200</codes></con:configuration></con:assertion><con:assertion type="Response SLA Assertion" id="28504a77-0d7e-4467-ad8d-b54eed908c83" name="Response SLA"><con:configuration><SLA>200</SLA></con:configuration></con:assertion><con:credentials><con:selectedAuthProfile>No Authorization</con:selectedAuthProfile><con:authType>No Authorization</con:authType></con:credentials><con:jmsConfig JMSDeliveryMode="PERSISTENT"/><con:parameters/></con:restRequest></con:config></con:testStep><con:properties/><con:reportParameters/></con:testCase><con:properties/><con:reportParameters/></con:testSuite><con:savedRecentRuns>1</con:savedRecentRuns><con:properties/><con:wssContainer/><con:databaseConnectionContainer/><con:jmsConnectionContainer/><con:oAuth2ProfileContainer/><con:oAuth1ProfileContainer/><con:reporting><con:reportTemplates/><con:xmlTemplates/><con:xmlTemplates/><con:parameters/><con:parameters/></con:reporting><con:reporting/><con:eventHandlers type="RequestFilter.filterRequest" name="RequestFilter.filterRequest"><con:script>// Sample event script to add custom HTTP header to all outgoing REST, SOAP and HTTP(S) calls
// This code is often used for adding custom authentication to SoapUI Pro tests

// If hardcoding the token, uncomment and change line 5
// def token = '4567'

// If your token is parameterized in Project level custom property, uncomment line 8
// def token = request.parent.testCase.testSuite.project.getProperty('auth_token').getValue()

// To modify all outgoing calls, remove comments from lines 11 to 16
// def headers = request.requestHeaders
// if (headers.containsKey('auth_token2') == false) {
//   headers.put('auth_token2', token)
//   request.requestHeaders = headers
// }</con:script></con:eventHandlers><con:eventHandlers type="TestRunListener.afterStep" name="TestRunListener.afterStep"><con:script>// Save all test step results into files
// Change the directory path in line 5 to a location where you want to store details
// then uncomment lines 5 to 10

// filePath = 'C:\\tempOutputDirectory\\'
// fos = new FileOutputStream(filePath + testStepResult.testStep.label + '.txt', true)
// pw = new PrintWriter(fos)
// testStepResult.writeTo(pw)
// pw.close()
// fos.close()</con:script></con:eventHandlers><con:authRepository/><con:tags/></con:soapui-project>