<?xml version="1.0" encoding="UTF-8"?>
<con:testCase id="c22d101e-4d1c-4d27-a5de-104de76f5da1" discardOkResults="true" failOnError="true" failTestCaseOnErrors="true" keepSession="false" name="http://localhost:1234 TestCase 1" searchProperties="true" timeout="0" xmlns:con="http://eviware.com/soapui/config"><con:settings><con:setting id="825325af-3664-4794-a9a1-a488021aff9dfileName">http%3A%2F%2Flocalhost%3A1234-TestCase-1</con:setting><con:setting id="c22d101e-4d1c-4d27-a5de-104de76f5da1fileName">http%3A%2F%2Flocalhost%3A1234-TestCase-1</con:setting></con:settings><con:testStep type="restrequest" name="Request 1" id="0af66a98-a814-4ae7-a44d-5f7a92f46d90"><con:settings/><con:config service="http://localhost:1234" resourcePath="" methodName="" xsi:type="con:RestRequestStep" xmlns:xsi="http://www.w3.org/2001/XMLSchema-instance"><con:restRequest name="Request 1" id="8b5061d1-caa1-47b3-9665-9d0b908e24fe" mediaType="application/json"><con:settings><con:setting id="com.eviware.soapui.impl.wsdl.WsdlRequest@request-headers">&lt;xml-fragment/></con:setting></con:settings><con:endpoint>http://localhost:1234</con:endpoint><con:request/><con:originalUri>http://localhost/</con:originalUri><con:assertion type="Valid HTTP Status Codes" id="7ad86c41-5ed3-4c11-9822-c3ac8863b87b" name="Valid HTTP Status Codes"><con:settings/><con:configuration><codes>200</codes></con:configuration></con:assertion><con:assertion type="Response SLA Assertion" id="28504a77-0d7e-4467-ad8d-b54eed908c83" name="Response SLA"><con:configuration><SLA>200</SLA></con:configuration></con:assertion><con:credentials><con:selectedAuthProfile>No Authorization</con:selectedAuthProfile><con:authType>No Authorization</con:authType></con:credentials><con:jmsConfig JMSDeliveryMode="PERSISTENT"/><con:parameters/></con:restRequest></con:config></con:testStep><con:properties/><con:reportParameters/></con:testCase>